insert into userinfo(u_id,u_password,u_name,u_email,u_phone,u_verified) values('admin','admin','admin','admin@youdeo.com','01000000000',1);
insert into userinfo(u_id,u_password,u_name,u_email,u_phone,u_verified) values('sjssj7777','1111','한상길','sjssj7777@naver.com','01041871578',1);
insert into userinfo(u_id,u_password,u_name,u_email,u_phone,u_verified) values('asdf','asdf','홍길동','asdf@naver.com','01012345678',0);
insert into userinfo(u_id,u_password,u_name,u_email,u_phone,u_verified) values('guest','guest','궤스트','guest@naver.com','01013513412',0);
insert into userinfo(u_id,u_password,u_name,u_email,u_phone,u_verified) values('anon','anon','언노운','anon@naver.com','01012231523',0);
insert into userinfo(u_id,u_password,u_name,u_email,u_phone,u_verified) values('test','test','테스트','test@naver.com','01011245122',0);
insert into userinfo(u_id,u_password,u_name,u_email,u_phone,u_verified) values('geeg','geeg','기이익','geeg@naver.com','01012541234',1);
insert into userinfo(u_id,u_password,u_name,u_email,u_phone,u_verified) values('superuser','superuser','superuser','superuser@youdeo.com', '01000000000',1);

insert into VIDEO (V_NO,V_TITLE,V_DESCRIPTION,V_UUID,V_DATE,V_TIME,V_CATEGORY,V_TAG,V_VIEWS,V_GOOD,V_BAD,U_ID) values (video_v_no_SEQ.nextval,'cottonbro님의 동영상, 출처: Pexels','cottonbro님의 동영상, 출처: Pexels','5076e9b8-c74a-4800-97a4-8400947e6b83',to_date('2021/11/15','YYYY/MM/DD'),38,'게임','cottonbro,Pexels',1,0,0,'admin');
insert into VIDEO (V_NO,V_TITLE,V_DESCRIPTION,V_UUID,V_DATE,V_TIME,V_CATEGORY,V_TAG,V_VIEWS,V_GOOD,V_BAD,U_ID) values (video_v_no_SEQ.nextval,'Nothing Ahead님의 동영상, 출처: Pexels','Nothing Ahead님의 동영상, 출처: Pexels','fb4dd260-0b92-4438-8a72-516627a7d73b',to_date('2021/11/15','YYYY/MM/DD'),5,'자동차/교통','Nothing,Ahead,Pexels',1,0,0,'sjssj7777');
insert into VIDEO (V_NO,V_TITLE,V_DESCRIPTION,V_UUID,V_DATE,V_TIME,V_CATEGORY,V_TAG,V_VIEWS,V_GOOD,V_BAD,U_ID) values (video_v_no_SEQ.nextval,'ivan khmelyuk님의 동영상, 출처: Pexels','ivan khmelyuk님의 동영상, 출처: Pexels','03217e99-70e9-4c88-ab27-eee8ec7d0355',to_date('2021/11/15','YYYY/MM/DD'),25,'스포츠','ivan,khmelyuk,Pexels',1,0,0,'asdf');
insert into VIDEO (V_NO,V_TITLE,V_DESCRIPTION,V_UUID,V_DATE,V_TIME,V_CATEGORY,V_TAG,V_VIEWS,V_GOOD,V_BAD,U_ID) values (video_v_no_SEQ.nextval,'ivan khmelyuk님의 동영상, 출처: Pexels','ivan khmelyuk님의 동영상, 출처: Pexels','aac593d5-2cf0-4380-a5fc-f85c185bce3d',to_date('2021/11/15','YYYY/MM/DD'),17,'애완동물/동물','ivan,khmelyuk,Pexels',1,0,0,'guest');
insert into VIDEO (V_NO,V_TITLE,V_DESCRIPTION,V_UUID,V_DATE,V_TIME,V_CATEGORY,V_TAG,V_VIEWS,V_GOOD,V_BAD,U_ID) values (video_v_no_SEQ.nextval,'pavel님의 동영상, 출처: Pexels','pavel님의 동영상, 출처: Pexels','8ca07c2b-8d03-4340-820b-12e13d7520d2',to_date('2021/11/15','YYYY/MM/DD'),11,'비영리/사회운동','pavel,Pexels',1,0,0,'anon');
insert into VIDEO (V_NO,V_TITLE,V_DESCRIPTION,V_UUID,V_DATE,V_TIME,V_CATEGORY,V_TAG,V_VIEWS,V_GOOD,V_BAD,U_ID) values (video_v_no_SEQ.nextval,'ivan khmelyuk님의 동영상, 출처: Pexels','ivan khmelyuk님의 동영상, 출처: Pexels','7b997961-0c18-44a1-8fad-9fe9f0944272',to_date('2021/11/15','YYYY/MM/DD'),14,'코미디','ivan,khmelyuk,Pexels',1,0,0,'test');
insert into VIDEO (V_NO,V_TITLE,V_DESCRIPTION,V_UUID,V_DATE,V_TIME,V_CATEGORY,V_TAG,V_VIEWS,V_GOOD,V_BAD,U_ID) values (video_v_no_SEQ.nextval,'cottonbro님의 동영상, 출처: Pexels','cottonbro님의 동영상, 출처: Pexels','853c2f51-6b9b-491e-b15d-7d910262ce9a',to_date('2021/11/15','YYYY/MM/DD'),7,'뉴스/정치','cottonbro,Pexels',1,0,0,'superuser');
insert into VIDEO (V_NO,V_TITLE,V_DESCRIPTION,V_UUID,V_DATE,V_TIME,V_CATEGORY,V_TAG,V_VIEWS,V_GOOD,V_BAD,U_ID) values (video_v_no_SEQ.nextval,'diva plavalaguna님의 동영상, 출처: Pexels','diva plavalaguna님의 동영상, 출처: Pexels','19db6f77-72ec-468d-b7d3-9151e8ce4cd0',to_date('2021/11/15','YYYY/MM/DD'),10,'애완동물/동물','diva,plavalaguna,Pexels',1,0,0,'admin');
insert into VIDEO (V_NO,V_TITLE,V_DESCRIPTION,V_UUID,V_DATE,V_TIME,V_CATEGORY,V_TAG,V_VIEWS,V_GOOD,V_BAD,U_ID) values (video_v_no_SEQ.nextval,'monstera님의 동영상, 출처: Pexels','monstera님의 동영상, 출처: Pexels','01d870c8-2911-4d7d-a38a-c92255ab7d71',to_date('2021/11/15','YYYY/MM/DD'),23,'교육','monstera,Pexels',1,0,0,'sjssj7777');
insert into VIDEO (V_NO,V_TITLE,V_DESCRIPTION,V_UUID,V_DATE,V_TIME,V_CATEGORY,V_TAG,V_VIEWS,V_GOOD,V_BAD,U_ID) values (video_v_no_SEQ.nextval,'MART PRODUCTION님의 동영상, 출처: Pexels','MART PRODUCTION님의 동영상, 출처: Pexels','eac3e2e6-d9d0-49bb-ae7c-f22bdb0f4fbd',to_date('2021/11/15','YYYY/MM/DD'),26,'애완동물/동물','MART,PRODUCTION,Pexels',1,0,0,'asdf');
insert into VIDEO (V_NO,V_TITLE,V_DESCRIPTION,V_UUID,V_DATE,V_TIME,V_CATEGORY,V_TAG,V_VIEWS,V_GOOD,V_BAD,U_ID) values (video_v_no_SEQ.nextval,'Lina Fresco님의 동영상, 출처: Pexels','Lina Fresco님의 동영상, 출처: Pexels','717fe89b-b5aa-4567-8888-52c15ef8174e',to_date('2021/11/15','YYYY/MM/DD'),19,'뉴스/정치','Lina,Fresco,Pexels',1,0,0,'guest');
insert into VIDEO (V_NO,V_TITLE,V_DESCRIPTION,V_UUID,V_DATE,V_TIME,V_CATEGORY,V_TAG,V_VIEWS,V_GOOD,V_BAD,U_ID) values (video_v_no_SEQ.nextval,'life on super님의 동영상, 출처: Pexels','life on super님의 동영상, 출처: Pexels','edd2e7d7-d4fc-4b91-89f4-ee49350cd3eb',to_date('2021/11/15','YYYY/MM/DD'),7,'게임','life,on,super,Pexels',1,0,0,'anon');
insert into VIDEO (V_NO,V_TITLE,V_DESCRIPTION,V_UUID,V_DATE,V_TIME,V_CATEGORY,V_TAG,V_VIEWS,V_GOOD,V_BAD,U_ID) values (video_v_no_SEQ.nextval,'BeThe Observer님의 동영상, 출처: Pexels','BeThe Observer님의 동영상, 출처: Pexels','9a629461-0be5-4b1b-b066-67e1f4f082c4',to_date('2021/11/15','YYYY/MM/DD'),24,'스포츠','BeThe,Observer,Pexels',1,0,0,'test');
insert into VIDEO (V_NO,V_TITLE,V_DESCRIPTION,V_UUID,V_DATE,V_TIME,V_CATEGORY,V_TAG,V_VIEWS,V_GOOD,V_BAD,U_ID) values (video_v_no_SEQ.nextval,'lisa님의 동영상, 출처: Pexels','lisa님의 동영상, 출처: Pexels','85ef9eaf-1a7e-40ba-9c71-63f8f3783bac',to_date('2021/11/15','YYYY/MM/DD'),15,'게임','lisa,Pexels',1,0,0,'superuser');
insert into VIDEO (V_NO,V_TITLE,V_DESCRIPTION,V_UUID,V_DATE,V_TIME,V_CATEGORY,V_TAG,V_VIEWS,V_GOOD,V_BAD,U_ID) values (video_v_no_SEQ.nextval,'pavel danilyuk님의 동영상, 출처: Pexels','pavel danilyuk님의 동영상, 출처: Pexels','46893232-2b47-4084-96f0-ffe9be2d7b90',to_date('2021/11/15','YYYY/MM/DD'),17,'뉴스/정치','pavel,danilyuk,Pexels',1,0,0,'admin');
insert into VIDEO (V_NO,V_TITLE,V_DESCRIPTION,V_UUID,V_DATE,V_TIME,V_CATEGORY,V_TAG,V_VIEWS,V_GOOD,V_BAD,U_ID) values (video_v_no_SEQ.nextval,'artem님의 동영상, 출처: Pexels','artem님의 동영상, 출처: Pexels','6d52e9c4-c8ed-44de-a288-3f8367d77335',to_date('2021/11/15','YYYY/MM/DD'),9,'여행/이벤트','artem,Pexels',1,0,0,'sjssj7777');
insert into VIDEO (V_NO,V_TITLE,V_DESCRIPTION,V_UUID,V_DATE,V_TIME,V_CATEGORY,V_TAG,V_VIEWS,V_GOOD,V_BAD,U_ID) values (video_v_no_SEQ.nextval,'c technical님의 동영상, 출처: Pexels','c technical님의 동영상, 출처: Pexels','c4aa51e2-875c-43b9-a363-a48570348ef7',to_date('2021/11/15','YYYY/MM/DD'),32,'엔터테인먼트','c,technical,Pexels',1,0,0,'asdf');
insert into VIDEO (V_NO,V_TITLE,V_DESCRIPTION,V_UUID,V_DATE,V_TIME,V_CATEGORY,V_TAG,V_VIEWS,V_GOOD,V_BAD,U_ID) values (video_v_no_SEQ.nextval,'kelly lacy님의 동영상, 출처: Pexels','kelly lacy님의 동영상, 출처: Pexels','fa3f080f-e419-4c3c-8398-7a13ee33a6b3',to_date('2021/11/15','YYYY/MM/DD'),14,'애완동물/동물','kelly,lacy,Pexels',1,0,0,'guest');
insert into VIDEO (V_NO,V_TITLE,V_DESCRIPTION,V_UUID,V_DATE,V_TIME,V_CATEGORY,V_TAG,V_VIEWS,V_GOOD,V_BAD,U_ID) values (video_v_no_SEQ.nextval,'Anna Shvets님의 동영상, 출처: Pexels','Anna Shvets님의 동영상, 출처: Pexels','4371c535-905c-4b09-ab20-be5a939695d3',to_date('2021/11/15','YYYY/MM/DD'),13,'노하우/스타일','Anna,Shvets,Pexels',1,0,0,'anon');
insert into VIDEO (V_NO,V_TITLE,V_DESCRIPTION,V_UUID,V_DATE,V_TIME,V_CATEGORY,V_TAG,V_VIEWS,V_GOOD,V_BAD,U_ID) values (video_v_no_SEQ.nextval,'Oleg Magni님의 동영상, 출처: Pexels','Oleg Magni님의 동영상, 출처: Pexels','32e446f3-453b-4076-a1a2-33151845a373',to_date('2021/11/15','YYYY/MM/DD'),10,'코미디','Oleg,Magni,Pexels',1,0,0,'test');
insert into VIDEO (V_NO,V_TITLE,V_DESCRIPTION,V_UUID,V_DATE,V_TIME,V_CATEGORY,V_TAG,V_VIEWS,V_GOOD,V_BAD,U_ID) values (video_v_no_SEQ.nextval,'ArtHouse Studio님의 동영상, 출처: Pexels','ArtHouse Studio님의 동영상, 출처: Pexels','40fdbd99-d0a4-4824-a82e-7006c3320fa4',to_date('2021/11/15','YYYY/MM/DD'),8,'엔터테인먼트','ArtHouse,Studio,Pexels',1,0,0,'superuser');
insert into VIDEO (V_NO,V_TITLE,V_DESCRIPTION,V_UUID,V_DATE,V_TIME,V_CATEGORY,V_TAG,V_VIEWS,V_GOOD,V_BAD,U_ID) values (video_v_no_SEQ.nextval,'Kelly L님의 동영상, 출처: Pexels','Kelly L님의 동영상, 출처: Pexels','1a989c12-f268-4f5b-b35f-497de62338bf',to_date('2021/11/15','YYYY/MM/DD'),36,'교육','Kelly,L,Pexels',1,0,0,'admin');
insert into VIDEO (V_NO,V_TITLE,V_DESCRIPTION,V_UUID,V_DATE,V_TIME,V_CATEGORY,V_TAG,V_VIEWS,V_GOOD,V_BAD,U_ID) values (video_v_no_SEQ.nextval,'EKATERINA BOLOVTSOVA님의 동영상, 출처: Pexels','EKATERINA BOLOVTSOVA님의 동영상, 출처: Pexels','7b4430e1-d401-4ea5-a498-28491e17f70d',to_date('2021/11/15','YYYY/MM/DD'),17,'스포츠','EKATERINA,BOLOVTSOVA,Pexels',1,0,0,'sjssj7777');
insert into VIDEO (V_NO,V_TITLE,V_DESCRIPTION,V_UUID,V_DATE,V_TIME,V_CATEGORY,V_TAG,V_VIEWS,V_GOOD,V_BAD,U_ID) values (video_v_no_SEQ.nextval,'RODNAE Productions님의 동영상, 출처: Pexels','RODNAE Productions님의 동영상, 출처: Pexels','01d90a27-f263-476d-8c3a-869872cbc2f9',to_date('2021/11/15','YYYY/MM/DD'),7,'자동차/교통','RODNAE,Productions,Pexels',1,0,0,'asdf');
insert into VIDEO (V_NO,V_TITLE,V_DESCRIPTION,V_UUID,V_DATE,V_TIME,V_CATEGORY,V_TAG,V_VIEWS,V_GOOD,V_BAD,U_ID) values (video_v_no_SEQ.nextval,'Athena님의 동영상, 출처: Pexels','Athena님의 동영상, 출처: Pexels','8efee18f-6a9d-438a-890d-292c234aa5f8',to_date('2021/11/15','YYYY/MM/DD'),54,'스포츠','Athena,Pexels',1,0,0,'guest');
insert into VIDEO (V_NO,V_TITLE,V_DESCRIPTION,V_UUID,V_DATE,V_TIME,V_CATEGORY,V_TAG,V_VIEWS,V_GOOD,V_BAD,U_ID) values (video_v_no_SEQ.nextval,'Pat Whelen님의 동영상, 출처: Pexels','Pat Whelen님의 동영상, 출처: Pexels','186feeca-a896-44ad-8517-16d50662b7e0',to_date('2021/11/15','YYYY/MM/DD'),10,'노하우/스타일','Pat Whelen,Pexels',1,0,0,'anon');
insert into VIDEO (V_NO,V_TITLE,V_DESCRIPTION,V_UUID,V_DATE,V_TIME,V_CATEGORY,V_TAG,V_VIEWS,V_GOOD,V_BAD,U_ID) values (video_v_no_SEQ.nextval,'Karolina Grabowska님의 동영상, 출처: Pexels','Karolina Grabowska님의 동영상, 출처: Pexels','883d2ce1-2d9f-4268-83c0-b17067af68c7',to_date('2021/11/15','YYYY/MM/DD'),13,'애완동물/동물','Karolina,Grabowska,Pexels',1,0,0,'test');
insert into VIDEO (V_NO,V_TITLE,V_DESCRIPTION,V_UUID,V_DATE,V_TIME,V_CATEGORY,V_TAG,V_VIEWS,V_GOOD,V_BAD,U_ID) values (video_v_no_SEQ.nextval,'BeThe Observer님의 동영상, 출처: Pexels','BeThe Observer님의 동영상, 출처: Pexels','08784791-016d-495a-9169-a34a4b5c7b6b',to_date('2021/11/15','YYYY/MM/DD'),27,'인물/블로그','BeThe,Observer,Pexels',1,0,0,'superuser');
insert into VIDEO (V_NO,V_TITLE,V_DESCRIPTION,V_UUID,V_DATE,V_TIME,V_CATEGORY,V_TAG,V_VIEWS,V_GOOD,V_BAD,U_ID) values (video_v_no_SEQ.nextval,'Syn Cole - Melodia [NCS Release]','https://youtu.be/lryR2WJAd3g','e6bd1d8c-5bdc-4ba7-b023-707fe3c3e12f',to_date('2021/11/15','YYYY/MM/DD'),163,'음악','NCS,youtube',1,0,0,'sjssj7777');

insert into subscription(s_no, u_id, s_id, s_alram) values(subscription_s_no_SEQ.nextval, 'geeg', 'asdf', 0);
insert into subscription(s_no, u_id, s_id, s_alram) values(subscription_s_no_SEQ.nextval, 'geeg', 'admin', 0);
insert into subscription(s_no, u_id, s_id, s_alram) values(subscription_s_no_SEQ.nextval, 'geeg', 'anon', 0);
insert into subscription(s_no, u_id, s_id, s_alram) values(subscription_s_no_SEQ.nextval, 'geeg', 'test', 0);
insert into subscription(s_no, u_id, s_id, s_alram) values(subscription_s_no_SEQ.nextval, 'geeg', 'guest', 0);
insert into subscription(s_no, u_id, s_id, s_alram) values(subscription_s_no_SEQ.nextval, 'geeg', 'sjssj7777', 0);
insert into subscription(s_no, u_id, s_id, s_alram) values(subscription_s_no_SEQ.nextval, 'geeg', 'superuser', 0);
insert into subscription(s_no, u_id, s_id, s_alram) values(subscription_s_no_SEQ.nextval, 'anon', 'sjssj7777', 0);
insert into subscription(s_no, u_id, s_id, s_alram) values(subscription_s_no_SEQ.nextval, 'anon', 'guest', 0);
insert into subscription(s_no, u_id, s_id, s_alram) values(subscription_s_no_SEQ.nextval, 'guest', 'admin', 0);
insert into subscription(s_no, u_id, s_id, s_alram) values(subscription_s_no_SEQ.nextval, 'admin', 'sjssj7777', 0);
insert into subscription(s_no, u_id, s_id, s_alram) values(subscription_s_no_SEQ.nextval, 'test', 'sjssj7777', 0);
insert into subscription(s_no, u_id, s_id, s_alram) values(subscription_s_no_SEQ.nextval, 'guest', 'sjssj7777', 0);
insert into subscription(s_no, u_id, s_id, s_alram) values(subscription_s_no_SEQ.nextval, 'asdf', 'sjssj7777', 0);
insert into subscription(s_no, u_id, s_id, s_alram) values(subscription_s_no_SEQ.nextval, 'sjssj7777', 'admin', 1);
insert into subscription(s_no, u_id, s_id, s_alram) values(subscription_s_no_SEQ.nextval, 'sjssj7777', 'superuser', 1);

insert into v_comment(c_no, c_date, c_content, u_id, v_no) values(v_comment_c_no_SEQ.nextval, sysdate-2, '잘보고갑니다', 'sjssj7777', 3);
insert into v_comment(c_no, c_date, c_content, u_id, v_no) values(v_comment_c_no_SEQ.nextval, sysdate-9, '분량채우기1', 'sjssj7777', 3);
insert into v_comment(c_no, c_date, c_content, u_id, v_no) values(v_comment_c_no_SEQ.nextval, sysdate-10, '분량채우기2', 'sjssj7777', 3);
insert into v_comment(c_no, c_date, c_content, u_id, v_no) values(v_comment_c_no_SEQ.nextval, sysdate-11, 'ThankYou', 'admin', 3);
insert into v_comment(c_no, c_date, c_content, u_id, v_no) values(v_comment_c_no_SEQ.nextval, sysdate-29, '분량채우기3', 'admin', 3);
insert into v_comment(c_no, c_date, c_content, u_id, v_no) values(v_comment_c_no_SEQ.nextval, sysdate-30, '분량채우기4', 'admin', 3);
insert into v_comment(c_no, c_date, c_content, u_id, v_no) values(v_comment_c_no_SEQ.nextval, sysdate-31, '분량채우기5', 'admin', 3);
insert into v_comment(c_no, c_date, c_content, u_id, v_no) values(v_comment_c_no_SEQ.nextval, sysdate-364, 'NiHao', 'asdf', 3);
insert into v_comment(c_no, c_date, c_content, u_id, v_no) values(v_comment_c_no_SEQ.nextval, sysdate-365, '분량채우기6', 'asdf', 3);
insert into v_comment(c_no, c_date, c_content, u_id, v_no) values(v_comment_c_no_SEQ.nextval, sysdate-366, '분량채우기7', 'asdf', 3);
insert into v_comment(c_no, c_date, c_content, u_id, v_no) values(v_comment_c_no_SEQ.nextval, sysdate-2, 'Ari ga ddo', 'guest', 11);
insert into v_comment(c_no, c_date, c_content, u_id, v_no) values(v_comment_c_no_SEQ.nextval, sysdate-9, '분량채우기1', 'sjssj7777', 11);
insert into v_comment(c_no, c_date, c_content, u_id, v_no) values(v_comment_c_no_SEQ.nextval, sysdate-10, '분량채우기2', 'sjssj7777', 11);
insert into v_comment(c_no, c_date, c_content, u_id, v_no) values(v_comment_c_no_SEQ.nextval, sysdate-11, '추천이영', 'sjssj7777', 11);
insert into v_comment(c_no, c_date, c_content, u_id, v_no) values(v_comment_c_no_SEQ.nextval, sysdate-29, '분량채우기3', 'admin', 11);
insert into v_comment(c_no, c_date, c_content, u_id, v_no) values(v_comment_c_no_SEQ.nextval, sysdate-30, '분량채우기4', 'admin', 11);
insert into v_comment(c_no, c_date, c_content, u_id, v_no) values(v_comment_c_no_SEQ.nextval, sysdate-31, '분량채우기5', 'admin', 11);
insert into v_comment(c_no, c_date, c_content, u_id, v_no) values(v_comment_c_no_SEQ.nextval, sysdate-364, 'Good', 'anon', 11);
insert into v_comment(c_no, c_date, c_content, u_id, v_no) values(v_comment_c_no_SEQ.nextval, sysdate-365, '분량채우기6', 'asdf', 11);
insert into v_comment(c_no, c_date, c_content, u_id, v_no) values(v_comment_c_no_SEQ.nextval, sysdate-366, '분량채우기7', 'asdf', 11);
insert into v_comment(c_no, c_date, c_content, u_id, v_no) values(v_comment_c_no_SEQ.nextval, sysdate-2, 'JJang', 'test', 21);
insert into v_comment(c_no, c_date, c_content, u_id, v_no) values(v_comment_c_no_SEQ.nextval, sysdate-9, '분량채우기1', 'sjssj7777', 21);
insert into v_comment(c_no, c_date, c_content, u_id, v_no) values(v_comment_c_no_SEQ.nextval, sysdate-10, '분량채우기2', 'sjssj7777', 21);
insert into v_comment(c_no, c_date, c_content, u_id, v_no) values(v_comment_c_no_SEQ.nextval, sysdate-11, 'Sugoi', 'geeg', 21);
insert into v_comment(c_no, c_date, c_content, u_id, v_no) values(v_comment_c_no_SEQ.nextval, sysdate-29, '분량채우기3', 'admin', 21);
insert into v_comment(c_no, c_date, c_content, u_id, v_no) values(v_comment_c_no_SEQ.nextval, sysdate-30, '분량채우기4', 'admin', 21);
insert into v_comment(c_no, c_date, c_content, u_id, v_no) values(v_comment_c_no_SEQ.nextval, sysdate-31, '분량채우기5', 'admin', 21);
insert into v_comment(c_no, c_date, c_content, u_id, v_no) values(v_comment_c_no_SEQ.nextval, sysdate-364, '테스트', 'superuser', 21);
insert into v_comment(c_no, c_date, c_content, u_id, v_no) values(v_comment_c_no_SEQ.nextval, sysdate-365, '분량채우기6', 'asdf', 21);
insert into v_comment(c_no, c_date, c_content, u_id, v_no) values(v_comment_c_no_SEQ.nextval, sysdate-366, '분량채우기7', 'asdf', 21);
insert into v_comment(c_no, c_date, c_content, u_id, v_no) values(v_comment_c_no_SEQ.nextval, sysdate-2, 'Test', 'sjssj7777', 28);
insert into v_comment(c_no, c_date, c_content, u_id, v_no) values(v_comment_c_no_SEQ.nextval, sysdate-9, '분량채우기1', 'sjssj7777', 28);
insert into v_comment(c_no, c_date, c_content, u_id, v_no) values(v_comment_c_no_SEQ.nextval, sysdate-10, '분량채우기2', 'sjssj7777', 28);
insert into v_comment(c_no, c_date, c_content, u_id, v_no) values(v_comment_c_no_SEQ.nextval, sysdate-11, 'China Test', 'admin', 28);
insert into v_comment(c_no, c_date, c_content, u_id, v_no) values(v_comment_c_no_SEQ.nextval, sysdate-29, '분량채우기3', 'admin', 28);
insert into v_comment(c_no, c_date, c_content, u_id, v_no) values(v_comment_c_no_SEQ.nextval, sysdate-30, '분량채우기4', 'admin', 28);
insert into v_comment(c_no, c_date, c_content, u_id, v_no) values(v_comment_c_no_SEQ.nextval, sysdate-31, '분량채우기5', 'admin', 28);
insert into v_comment(c_no, c_date, c_content, u_id, v_no) values(v_comment_c_no_SEQ.nextval, sysdate-364, 'Te s ddo', 'guest', 28);
insert into v_comment(c_no, c_date, c_content, u_id, v_no) values(v_comment_c_no_SEQ.nextval, sysdate-365, '분량채우기6', 'asdf', 28);
insert into v_comment(c_no, c_date, c_content, u_id, v_no) values(v_comment_c_no_SEQ.nextval, sysdate-366, '분량채우기7', 'asdf', 28);

commit;