insert into userinfo(u_id,u_password,u_name,u_email,u_phone,u_verified) values('admin','admin','admin','admin@youdeo.com','01000000000',1);
insert into userinfo(u_id,u_password,u_name,u_email,u_phone,u_verified) values('sjssj7777','1111','한상길','sjssj7777@naver.com','01041871578',1);
insert into userinfo(u_id,u_password,u_name,u_email,u_phone,u_verified) values('asdf','asdf','홍길동','asdf@naver.com','01012345678',0);
insert into userinfo(u_id,u_password,u_name,u_email,u_phone,u_verified) values('guest','guest','궤스트','guest@naver.com','01013513412',0);
insert into userinfo(u_id,u_password,u_name,u_email,u_phone,u_verified) values('anon','anon','언노운','anon@naver.com','01012231523',0);
insert into userinfo(u_id,u_password,u_name,u_email,u_phone,u_verified) values('test','test','테스트','test@naver.com','01011245122',0);
insert into userinfo(u_id,u_password,u_name,u_email,u_phone,u_verified) values('geeg','geeg','기이익','geeg@naver.com','01012541234',1);
insert into userinfo(u_id,u_password,u_name,u_email,u_phone,u_verified) values('superuser','superuser','superuser','superuser@youdeo.com', '01000000000',1);


insert into video(v_no, v_date, v_title, v_description, v_category, v_tag, u_id, v_time, v_uuid, v_views) values(video_v_no_SEQ.nextval, sysdate-1,'분량채우기1', '분량채우기1', '공포', '720p,1080p', 'superuser', 6,'1a083328-be4b-48c7-97ed-ffaf26d8b7b0',0);
insert into video(v_no, v_date, v_title, v_description, v_category, v_tag, u_id, v_time, v_uuid, v_views) values(video_v_no_SEQ.nextval, sysdate-2,'분량채우기2', '분량채우기2', '공포', '720p,1080p', 'geeg', 6,'1f9b76b6-9f21-4d71-ae4f-292d501fa452',0);
insert into video(v_no, v_date, v_title, v_description, v_category, v_tag, u_id, v_time, v_uuid, v_views) values(video_v_no_SEQ.nextval, sysdate-3,'1팀', '내용', '공포', '720p,1080p', 'sjssj7777', 847,'68c2abd2-d790-49dd-83a6-8ea8057471e4',9990);
insert into video(v_no, v_date, v_title, v_description, v_category, v_tag, u_id, v_time, v_uuid, v_views) values(video_v_no_SEQ.nextval, sysdate-4,'분량채우기3', '분량채우기3', '공포', '720p,1080p', 'asdf', 6,'2c282b1c-22e8-4fca-aaae-f4194d6e8ce8',0);
insert into video(v_no, v_date, v_title, v_description, v_category, v_tag, u_id, v_time, v_uuid, v_views) values(video_v_no_SEQ.nextval, sysdate-5,'분량채우기4', '분량채우기4', '공포', '720p,1080p', 'anon', 6,'3a0aa2fb-8d43-4940-85d3-8d6c1ccb3301',0);
insert into video(v_no, v_date, v_title, v_description, v_category, v_tag, u_id, v_time, v_uuid, v_views) values(video_v_no_SEQ.nextval, sysdate-6,'분량채우기5', '분량채우기5', '공포', '720p,1080p', 'guest', 6,'3c0b093b-b8cf-48e4-9d6a-01b7115520c7',0);
insert into video(v_no, v_date, v_title, v_description, v_category, v_tag, u_id, v_time, v_uuid, v_views) values(video_v_no_SEQ.nextval, sysdate-7,'분량채우기6', '분량채우기6', '공포', '720p,1080p', 'test', 6,'5a5d3af9-50c1-4d55-b9cf-49f8986932fd',0);
insert into video(v_no, v_date, v_title, v_description, v_category, v_tag, u_id, v_time, v_uuid, v_views) values(video_v_no_SEQ.nextval, sysdate-8,'분량채우기7', '분량채우기7', '공포', '720p,1080p', 'superuser', 6,'6be155f0-ff77-40cd-8f45-6b3d60f75586',0);
insert into video(v_no, v_date, v_title, v_description, v_category, v_tag, u_id, v_time, v_uuid, v_views) values(video_v_no_SEQ.nextval, sysdate-9,'분량채우기8', '분량채우기8', '공포', '720p,1080p', 'geeg', 6,'6d3529c7-b729-4010-af7d-01520a7e441d',0);
insert into video(v_no, v_date, v_title, v_description, v_category, v_tag, u_id, v_time, v_uuid, v_views) values(video_v_no_SEQ.nextval, sysdate-10,'분량채우기9', '분량채우기9', '공포', '720p,1080p', 'asdf', 6,'6fbe71d0-d5f1-4b92-9d53-1d6f4a264be7',0);
insert into video(v_no, v_date, v_title, v_description, v_category, v_tag, u_id, v_time, v_uuid, v_views) values(video_v_no_SEQ.nextval, sysdate-11,'4팀', '내용', '코믹', '720p', 'admin',885,'88fbbbcb-1b2c-40cb-8cbd-10b4294ab560',1090);
insert into video(v_no, v_date, v_title, v_description, v_category, v_tag, u_id, v_time, v_uuid, v_views) values(video_v_no_SEQ.nextval, sysdate-12,'분량채우기10', '분량채우기10', '공포', '720p,1080p', 'anon', 6,'8ca4e237-d848-4f67-96ca-e881a60213b7',0);
insert into video(v_no, v_date, v_title, v_description, v_category, v_tag, u_id, v_time, v_uuid, v_views) values(video_v_no_SEQ.nextval, sysdate-13,'분량채우기11', '분량채우기11', '공포', '720p,1080p', 'guest', 6,'9ffe2e3a-4f74-47b1-8830-6f32a2eb4dd9',0);
insert into video(v_no, v_date, v_title, v_description, v_category, v_tag, u_id, v_time, v_uuid, v_views) values(video_v_no_SEQ.nextval, sysdate-14,'분량채우기12', '분량채우기12', '공포', '720p,1080p', 'guest', 6,'22c8190f-a695-4820-8c5a-ae8bf72a40ea',0);
insert into video(v_no, v_date, v_title, v_description, v_category, v_tag, u_id, v_time, v_uuid, v_views) values(video_v_no_SEQ.nextval, sysdate-15,'분량채우기13', '분량채우기13', '공포', '720p,1080p', 'geeg', 6,'27ae1eb4-1df9-4159-8474-19cc6298156d',0);
insert into video(v_no, v_date, v_title, v_description, v_category, v_tag, u_id, v_time, v_uuid, v_views) values(video_v_no_SEQ.nextval, sysdate-16,'분량채우기14', '분량채우기14', '공포', '720p,1080p', 'asdf', 6,'32f109ea-697c-40f3-8641-684a290f7380',0);
insert into video(v_no, v_date, v_title, v_description, v_category, v_tag, u_id, v_time, v_uuid, v_views) values(video_v_no_SEQ.nextval, sysdate-17,'분량채우기15', '분량채우기15', '공포', '720p,1080p', 'guest', 6,'38f396b0-a925-4f15-802e-e9b5b149b9a8',0);
insert into video(v_no, v_date, v_title, v_description, v_category, v_tag, u_id, v_time, v_uuid, v_views) values(video_v_no_SEQ.nextval, sysdate-18,'분량채우기16', '분량채우기16', '공포', '720p,1080p', 'asdf', 6,'46c97574-ee18-4695-a285-aa8b58843e51',0);
insert into video(v_no, v_date, v_title, v_description, v_category, v_tag, u_id, v_time, v_uuid, v_views) values(video_v_no_SEQ.nextval, sysdate-19,'분량채우기17', '분량채우기17', '공포', '720p,1080p', 'test', 6,'1a083328-be4b-48c7-97ed-ffaf26d8b7b0',0);
insert into video(v_no, v_date, v_title, v_description, v_category, v_tag, u_id, v_time, v_uuid, v_views) values(video_v_no_SEQ.nextval, sysdate-20,'분량채우기18', '분량채우기18', '공포', '720p,1080p', 'superuser', 6,'1a083328-be4b-48c7-97ed-ffaf26d8b7b0',0);
insert into video(v_no, v_date, v_title, v_description, v_category, v_tag, u_id, v_time, v_uuid, v_views) values(video_v_no_SEQ.nextval, sysdate-60,'2팀', '내용', '판타지', '스트리머,1080p', 'geeg',652,'562a174e-274a-4c11-aaa8-b4a966c3c98f',990);
insert into video(v_no, v_date, v_title, v_description, v_category, v_tag, u_id, v_time, v_uuid, v_views) values(video_v_no_SEQ.nextval, sysdate-70,'분량채우기19', '분량채우기19', '공포', '720p,1080p', 'guest', 6,'1a083328-be4b-48c7-97ed-ffaf26d8b7b0',0);
insert into video(v_no, v_date, v_title, v_description, v_category, v_tag, u_id, v_time, v_uuid, v_views) values(video_v_no_SEQ.nextval, sysdate-120,'분량채우기20', '분량채우기20', '공포', '720p,1080p', 'anon', 6,'1a083328-be4b-48c7-97ed-ffaf26d8b7b0',0);
insert into video(v_no, v_date, v_title, v_description, v_category, v_tag, u_id, v_time, v_uuid, v_views) values(video_v_no_SEQ.nextval, sysdate-230,'분량채우기21', '분량채우기21', '공포', '720p,1080p', 'superuser', 6,'1a083328-be4b-48c7-97ed-ffaf26d8b7b0',0);
insert into video(v_no, v_date, v_title, v_description, v_category, v_tag, u_id, v_time, v_uuid, v_views) values(video_v_no_SEQ.nextval, sysdate-300,'분량채우기22', '분량채우기22', '공포', '720p,1080p', 'anon', 6,'1a083328-be4b-48c7-97ed-ffaf26d8b7b0',0);
insert into video(v_no, v_date, v_title, v_description, v_category, v_tag, u_id, v_time, v_uuid, v_views) values(video_v_no_SEQ.nextval, sysdate-370,'분량채우기23', '분량채우기23', '공포', '720p,1080p', 'test', 6,'1a083328-be4b-48c7-97ed-ffaf26d8b7b0',0);
insert into video(v_no, v_date, v_title, v_description, v_category, v_tag, u_id, v_time, v_uuid, v_views) values(video_v_no_SEQ.nextval, sysdate-420,'분량채우기24', '분량채우기24', '공포', '720p,1080p', 'guest', 6,'1a083328-be4b-48c7-97ed-ffaf26d8b7b0',0);
insert into video(v_no, v_date, v_title, v_description, v_category, v_tag, u_id, v_time, v_uuid, v_views) values(video_v_no_SEQ.nextval, sysdate-450,'3팀', '내용', '시사', '기익,1080p', 'test',930,'ef42685b-1ee7-43f4-b0d3-4822058c9897',999990);
insert into video(v_no, v_date, v_title, v_description, v_category, v_tag, u_id, v_time, v_uuid, v_views) values(video_v_no_SEQ.nextval, sysdate-700,'분량채우기25', '분량채우기25', '공포', '720p,1080p', 'anon', 6,'1a083328-be4b-48c7-97ed-ffaf26d8b7b0',0);
insert into video(v_no, v_date, v_title, v_description, v_category, v_tag, u_id, v_time, v_uuid, v_views) values(video_v_no_SEQ.nextval, sysdate-1000,'분량채우기26', '분량채우기26', '공포', '720p,1080p', 'anon', 6,'1a083328-be4b-48c7-97ed-ffaf26d8b7b0',0);
insert into video(v_no, v_date, v_title, v_description, v_category, v_tag, u_id, v_time, v_uuid, v_views) values(video_v_no_SEQ.nextval, sysdate-1020,'분량채우기27', '분량채우기27', '공포', '720p,1080p', 'superuser', 6,'1a083328-be4b-48c7-97ed-ffaf26d8b7b0',0);
insert into video(v_no, v_date, v_title, v_description, v_category, v_tag, u_id, v_time, v_uuid, v_views) values(video_v_no_SEQ.nextval, sysdate-1030,'분량채우기28', '분량채우기28', '공포', '720p,1080p', 'test', 6,'1a083328-be4b-48c7-97ed-ffaf26d8b7b0',0);
insert into video(v_no, v_date, v_title, v_description, v_category, v_tag, u_id, v_time, v_uuid, v_views) values(video_v_no_SEQ.nextval, sysdate-1500,'분량채우기29', '분량채우기29', '공포', '720p,1080p', 'anon', 6,'1a083328-be4b-48c7-97ed-ffaf26d8b7b0',0);
insert into video(v_no, v_date, v_title, v_description, v_category, v_tag, u_id, v_time, v_uuid, v_views) values(video_v_no_SEQ.nextval, sysdate-2010,'분량채우기30', '분량채우기30', '공포', '720p,1080p', 'geeg', 6,'1a083328-be4b-48c7-97ed-ffaf26d8b7b0',0);
insert into video(v_no, v_date, v_title, v_description, v_category, v_tag, u_id, v_time, v_uuid, v_views) values(video_v_no_SEQ.nextval, sysdate-2102,'분량채우기31', '분량채우기31', '공포', '720p,1080p', 'test', 6,'1a083328-be4b-48c7-97ed-ffaf26d8b7b0',0);
insert into video(v_no, v_date, v_title, v_description, v_category, v_tag, u_id, v_time, v_uuid, v_views) values(video_v_no_SEQ.nextval, sysdate-3000,'분량채우기32', '분량채우기32', '공포', '720p,1080p', 'superuser', 6,'1a083328-be4b-48c7-97ed-ffaf26d8b7b0',0);
insert into video(v_no, v_date, v_title, v_description, v_category, v_tag, u_id, v_time, v_uuid, v_views) values(video_v_no_SEQ.nextval, sysdate-4000,'분량채우기33', '분량채우기33', '공포', '720p,1080p', 'anon', 6,'1f9b76b6-9f21-4d71-ae4f-292d501fa452',0);


insert into subscription(s_no, u_id, s_id, s_alram) values(subscription_s_no_SEQ.nextval, 'geeg', 'asdf', 0);
insert into subscription(s_no, u_id, s_id, s_alram) values(subscription_s_no_SEQ.nextval, 'geeg', 'admin', 0);
insert into subscription(s_no, u_id, s_id, s_alram) values(subscription_s_no_SEQ.nextval, 'geeg', 'anon', 0);
insert into subscription(s_no, u_id, s_id, s_alram) values(subscription_s_no_SEQ.nextval, 'geeg', 'test', 0);
insert into subscription(s_no, u_id, s_id, s_alram) values(subscription_s_no_SEQ.nextval, 'geeg', 'guest', 0);
insert into subscription(s_no, u_id, s_id, s_alram) values(subscription_s_no_SEQ.nextval, 'geeg', 'sjssj7777', 0);
insert into subscription(s_no, u_id, s_id, s_alram) values(subscription_s_no_SEQ.nextval, 'geeg', 'superuser', 0);
insert into subscription(s_no, u_id, s_id, s_alram) values(subscription_s_no_SEQ.nextval, 'anon', 'sjssj7777', 0);
insert into subscription(s_no, u_id, s_id, s_alram) values(subscription_s_no_SEQ.nextval, 'anon', 'guest', 0);
insert into subscription(s_no, u_id, s_id, s_alram) values(subscription_s_no_SEQ.nextval, 'guest', 'admin', 0);
insert into subscription(s_no, u_id, s_id, s_alram) values(subscription_s_no_SEQ.nextval, 'admin', 'sjssj7777', 0);
insert into subscription(s_no, u_id, s_id, s_alram) values(subscription_s_no_SEQ.nextval, 'test', 'sjssj7777', 0);
insert into subscription(s_no, u_id, s_id, s_alram) values(subscription_s_no_SEQ.nextval, 'guest', 'sjssj7777', 0);
insert into subscription(s_no, u_id, s_id, s_alram) values(subscription_s_no_SEQ.nextval, 'asdf', 'sjssj7777', 0);
insert into subscription(s_no, u_id, s_id, s_alram) values(subscription_s_no_SEQ.nextval, 'sjssj7777', 'admin', 1);
insert into subscription(s_no, u_id, s_id, s_alram) values(subscription_s_no_SEQ.nextval, 'sjssj7777', 'superuser', 1);

insert into v_comment(c_no, c_date, c_content, u_id, v_no) values(v_comment_c_no_SEQ.nextval, sysdate-2, '잘보고갑니다', 'sjssj7777', 3);
insert into v_comment(c_no, c_date, c_content, u_id, v_no) values(v_comment_c_no_SEQ.nextval, sysdate-9, '분량채우기1', 'sjssj7777', 3);
insert into v_comment(c_no, c_date, c_content, u_id, v_no) values(v_comment_c_no_SEQ.nextval, sysdate-10, '분량채우기2', 'sjssj7777', 3);
insert into v_comment(c_no, c_date, c_content, u_id, v_no) values(v_comment_c_no_SEQ.nextval, sysdate-11, 'ThankYou', 'admin', 3);
insert into v_comment(c_no, c_date, c_content, u_id, v_no) values(v_comment_c_no_SEQ.nextval, sysdate-29, '분량채우기3', 'admin', 3);
insert into v_comment(c_no, c_date, c_content, u_id, v_no) values(v_comment_c_no_SEQ.nextval, sysdate-30, '분량채우기4', 'admin', 3);
insert into v_comment(c_no, c_date, c_content, u_id, v_no) values(v_comment_c_no_SEQ.nextval, sysdate-31, '분량채우기5', 'admin', 3);
insert into v_comment(c_no, c_date, c_content, u_id, v_no) values(v_comment_c_no_SEQ.nextval, sysdate-364, 'NiHao', 'asdf', 3);
insert into v_comment(c_no, c_date, c_content, u_id, v_no) values(v_comment_c_no_SEQ.nextval, sysdate-365, '분량채우기6', 'asdf', 3);
insert into v_comment(c_no, c_date, c_content, u_id, v_no) values(v_comment_c_no_SEQ.nextval, sysdate-366, '분량채우기7', 'asdf', 3);
insert into v_comment(c_no, c_date, c_content, u_id, v_no) values(v_comment_c_no_SEQ.nextval, sysdate-2, 'Ari ga ddo', 'guest', 11);
insert into v_comment(c_no, c_date, c_content, u_id, v_no) values(v_comment_c_no_SEQ.nextval, sysdate-9, '분량채우기1', 'sjssj7777', 11);
insert into v_comment(c_no, c_date, c_content, u_id, v_no) values(v_comment_c_no_SEQ.nextval, sysdate-10, '분량채우기2', 'sjssj7777', 11);
insert into v_comment(c_no, c_date, c_content, u_id, v_no) values(v_comment_c_no_SEQ.nextval, sysdate-11, '추천이영', 'sjssj7777', 11);
insert into v_comment(c_no, c_date, c_content, u_id, v_no) values(v_comment_c_no_SEQ.nextval, sysdate-29, '분량채우기3', 'admin', 11);
insert into v_comment(c_no, c_date, c_content, u_id, v_no) values(v_comment_c_no_SEQ.nextval, sysdate-30, '분량채우기4', 'admin', 11);
insert into v_comment(c_no, c_date, c_content, u_id, v_no) values(v_comment_c_no_SEQ.nextval, sysdate-31, '분량채우기5', 'admin', 11);
insert into v_comment(c_no, c_date, c_content, u_id, v_no) values(v_comment_c_no_SEQ.nextval, sysdate-364, 'Good', 'anon', 11);
insert into v_comment(c_no, c_date, c_content, u_id, v_no) values(v_comment_c_no_SEQ.nextval, sysdate-365, '분량채우기6', 'asdf', 11);
insert into v_comment(c_no, c_date, c_content, u_id, v_no) values(v_comment_c_no_SEQ.nextval, sysdate-366, '분량채우기7', 'asdf', 11);
insert into v_comment(c_no, c_date, c_content, u_id, v_no) values(v_comment_c_no_SEQ.nextval, sysdate-2, 'JJang', 'test', 21);
insert into v_comment(c_no, c_date, c_content, u_id, v_no) values(v_comment_c_no_SEQ.nextval, sysdate-9, '분량채우기1', 'sjssj7777', 21);
insert into v_comment(c_no, c_date, c_content, u_id, v_no) values(v_comment_c_no_SEQ.nextval, sysdate-10, '분량채우기2', 'sjssj7777', 21);
insert into v_comment(c_no, c_date, c_content, u_id, v_no) values(v_comment_c_no_SEQ.nextval, sysdate-11, 'Sugoi', 'geeg', 21);
insert into v_comment(c_no, c_date, c_content, u_id, v_no) values(v_comment_c_no_SEQ.nextval, sysdate-29, '분량채우기3', 'admin', 21);
insert into v_comment(c_no, c_date, c_content, u_id, v_no) values(v_comment_c_no_SEQ.nextval, sysdate-30, '분량채우기4', 'admin', 21);
insert into v_comment(c_no, c_date, c_content, u_id, v_no) values(v_comment_c_no_SEQ.nextval, sysdate-31, '분량채우기5', 'admin', 21);
insert into v_comment(c_no, c_date, c_content, u_id, v_no) values(v_comment_c_no_SEQ.nextval, sysdate-364, '테스트', 'superuser', 21);
insert into v_comment(c_no, c_date, c_content, u_id, v_no) values(v_comment_c_no_SEQ.nextval, sysdate-365, '분량채우기6', 'asdf', 21);
insert into v_comment(c_no, c_date, c_content, u_id, v_no) values(v_comment_c_no_SEQ.nextval, sysdate-366, '분량채우기7', 'asdf', 21);
insert into v_comment(c_no, c_date, c_content, u_id, v_no) values(v_comment_c_no_SEQ.nextval, sysdate-2, 'Test', 'sjssj7777', 28);
insert into v_comment(c_no, c_date, c_content, u_id, v_no) values(v_comment_c_no_SEQ.nextval, sysdate-9, '분량채우기1', 'sjssj7777', 28);
insert into v_comment(c_no, c_date, c_content, u_id, v_no) values(v_comment_c_no_SEQ.nextval, sysdate-10, '분량채우기2', 'sjssj7777', 28);
insert into v_comment(c_no, c_date, c_content, u_id, v_no) values(v_comment_c_no_SEQ.nextval, sysdate-11, 'China Test', 'admin', 28);
insert into v_comment(c_no, c_date, c_content, u_id, v_no) values(v_comment_c_no_SEQ.nextval, sysdate-29, '분량채우기3', 'admin', 28);
insert into v_comment(c_no, c_date, c_content, u_id, v_no) values(v_comment_c_no_SEQ.nextval, sysdate-30, '분량채우기4', 'admin', 28);
insert into v_comment(c_no, c_date, c_content, u_id, v_no) values(v_comment_c_no_SEQ.nextval, sysdate-31, '분량채우기5', 'admin', 28);
insert into v_comment(c_no, c_date, c_content, u_id, v_no) values(v_comment_c_no_SEQ.nextval, sysdate-364, 'Te s ddo', 'guest', 28);
insert into v_comment(c_no, c_date, c_content, u_id, v_no) values(v_comment_c_no_SEQ.nextval, sysdate-365, '분량채우기6', 'asdf', 28);
insert into v_comment(c_no, c_date, c_content, u_id, v_no) values(v_comment_c_no_SEQ.nextval, sysdate-366, '분량채우기7', 'asdf', 28);

commit;